{"noiseKey":{"private":{"type":"Buffer","data":"gJWlnUYNa6YV0TcVESrjVQ1Z1kEbYp6F7tLhZkLmXUo="},"public":{"type":"Buffer","data":"HbEkjos3XEYTpUVeywzwo2nqx88YwW+zi/Az7hgcXQA="}},"pairingEphemeralKeyPair":{"private":{"type":"Buffer","data":"oAs4Xzc71YjurRMkL1qUc4KKj4n8ItnvHfwW8rHBBXw="},"public":{"type":"Buffer","data":"vwTAy2F+2McQEJtCZEOvwu05ujCTTHD2FxwKealJkys="}},"signedIdentityKey":{"private":{"type":"Buffer","data":"GEtDKBHbp2XvCKAC9mdWYr4xegx0SWvvnoEODPec6HI="},"public":{"type":"Buffer","data":"x2mwP6kFd8ysthXYTM0XWQnMXW3bl1LgKrakMmlvmCI="}},"signedPreKey":{"keyPair":{"private":{"type":"Buffer","data":"qNPpE+h3N3cc2HXgo+4I35SNjbJ0qk9PZ87cb4ov2Uw="},"public":{"type":"Buffer","data":"F38erPQwF6/CC/Lky8C8QCCq2X+uvWLkUI14SpT8aTw="}},"signature":{"type":"Buffer","data":"GbLuOhLt99DCFaWm4e7KvLLJqx22+g0993HXoTKp9qCUikI2iMr+1SZch2z0psC22H15g0HA4RRfTDC6CJoPDg=="},"keyId":1},"registrationId":156,"advSecretKey":"+i44nqN+zjKxvDvcxsBUTkMaMh771GmnXlpKBRzwTYQ=","processedHistoryMessages":[{"key":{"remoteJid":"261382266876@s.whatsapp.net","fromMe":false,"id":"A58242C47FF379090369EEBB52275DF1","participant":"","addressingMode":"pn"},"messageTimestamp":1768905952},{"key":{"remoteJid":"261382266876@s.whatsapp.net","fromMe":false,"id":"A5BE2802988146594F0A9C4182BD9E8E","participant":"","addressingMode":"pn"},"messageTimestamp":1768905952},{"key":{"remoteJid":"261382266876@s.whatsapp.net","fromMe":false,"id":"A5452D1551F7E5256742E01BAC8265B6","participant":"","addressingMode":"pn"},"messageTimestamp":1768905952},{"key":{"remoteJid":"261382266876@s.whatsapp.net","fromMe":false,"id":"A50DE9CA37C0DED0550F6E0E8EDB4B2D","participant":"","addressingMode":"pn"},"messageTimestamp":1768905954}],"nextPreKeyId":813,"firstUnuploadedPreKeyId":813,"accountSyncCounter":1,"accountSettings":{"unarchiveChats":false},"registered":true,"pairingCode":"3SXBMKM5","me":{"id":"261382266876:2@s.whatsapp.net","name":"Asa En Ligne","lid":"147236512125120:2@lid"},"account":{"details":"CLPc6oQBEM25vcsGGAogASgA","accountSignatureKey":"Qk+bPn3TA0yBRSK3sztrl4ZHhHi6U734rSITc8W0+Ac=","accountSignature":"HliE+KlDtboEjWMdxrPgb5mAo+gUyNDe/8ByHNyiUDKrRq5oLijbi6IlOoU+CTw2htkBMVmLh6gyXLYKn4pXBA==","deviceSignature":"ZOREYx5F1mB4dTCzzrC+MohOT1PYCwvi38NOysSRMM/uclBhggwdZdnQ6/wKFxnv+fauBnDIfUEXbcRoknfvBg=="},"signalIdentities":[{"identifier":{"name":"147236512125120:2@lid","deviceId":0},"identifierKey":{"type":"Buffer","data":"BUJPmz590wNMgUUit7M7a5eGR4R4ulO9+K0iE3PFtPgH"}}],"platform":"smba","routingInfo":{"type":"Buffer","data":"CAkICAgC"},"lastAccountSyncTimestamp":1768905941,"lastPropHash":"3R9Z39","myAppStateKeyId":"AAAAAEfn"}