{"noiseKey":{"private":{"type":"Buffer","data":"0M3XQLi6WzffKbUGft0l8RTczhQ8KBYBj+2oPEAjVEQ="},"public":{"type":"Buffer","data":"mnb8W4A16C57kN6XtkbwOngQEgvb2uBRmE7olAaY8XY="}},"pairingEphemeralKeyPair":{"private":{"type":"Buffer","data":"CIfbeJ0ldlSsky0+sgr3L0n7jgjFXdAbV08cny74F3M="},"public":{"type":"Buffer","data":"9Qx+dVKfPaLFd+fHdWWK4ckZquYWFbqF0Fq4EYhczAI="}},"signedIdentityKey":{"private":{"type":"Buffer","data":"2NHb/wZKcAEanRPO9s6fCiIyZ19L0uI+At8grbpkBWo="},"public":{"type":"Buffer","data":"jcuf38/PXx2vyfIHcBjVkRByUVf+zPFxfUYdbltTKXQ="}},"signedPreKey":{"keyPair":{"private":{"type":"Buffer","data":"cCOVOHyaE9CYh+nTjBfQbOUdNHbBfZpmKBLwvy42+UM="},"public":{"type":"Buffer","data":"qndZKtEtk9gBhJItMqwgF85ICzdgbLK+RaYW8WlAdyM="}},"signature":{"type":"Buffer","data":"CSUETf4HDUOn5YYDzo8WCDCszrrd5YRCsRjAsT9XfCABa+43zcYD1fbLp6R6jtqIo4atURgoagPd5jmgZWh2DA=="},"keyId":1},"registrationId":129,"advSecretKey":"1sOPCBSNI9+i+l31XBQRNP7OwPVp22Nc/PrQekq5UcU=","processedHistoryMessages":[{"key":{"remoteJid":"261382266876@s.whatsapp.net","fromMe":false,"id":"A56690232A025579BE89EC25B2386223","participant":"","addressingMode":"pn"},"messageTimestamp":1768898961},{"key":{"remoteJid":"261382266876@s.whatsapp.net","fromMe":false,"id":"A5C0CCA6D52DDCAA7B7A547F8B0B15F6","participant":"","addressingMode":"pn"},"messageTimestamp":1768898961},{"key":{"remoteJid":"261382266876@s.whatsapp.net","fromMe":false,"id":"A5C93785F681DF2116F4AB6C7C2ACB24","participant":"","addressingMode":"pn"},"messageTimestamp":1768898961},{"key":{"remoteJid":"261382266876@s.whatsapp.net","fromMe":false,"id":"A5FBEBB35436C5DD4F2F5E368C1BC475","participant":"","addressingMode":"pn"},"messageTimestamp":1768898963}],"nextPreKeyId":813,"firstUnuploadedPreKeyId":813,"accountSyncCounter":1,"accountSettings":{"unarchiveChats":false},"registered":true,"pairingCode":"6LLEQR9F","me":{"id":"261382266876:1@s.whatsapp.net","name":"Asa En Ligne","lid":"147236512125120:1@lid"},"account":{"details":"CLPc6oQBEP+CvcsGGAkgASgA","accountSignatureKey":"Qk+bPn3TA0yBRSK3sztrl4ZHhHi6U734rSITc8W0+Ac=","accountSignature":"uUe88yHbI9e5cE4aZ3Qbxl+eoag+lDaIZkDdL4bX/NSjCj6W392rOFG9kzdis+M7H5wRTCGo4VbX+GGABWJhCA==","deviceSignature":"1WaPb8EspNEY0jAEHMmVLvOQokp0WOYnAhuzyseW3IqlB3wFU/hK3nWLDICTbr0QRyadWsQXt3+IQEtTYgxeCg=="},"signalIdentities":[{"identifier":{"name":"147236512125120:1@lid","deviceId":0},"identifierKey":{"type":"Buffer","data":"BUJPmz590wNMgUUit7M7a5eGR4R4ulO9+K0iE3PFtPgH"}}],"platform":"smba","routingInfo":{"type":"Buffer","data":"CAkICAgC"},"lastAccountSyncTimestamp":1768898950,"lastPropHash":"3R9Z39","myAppStateKeyId":"AAAAAEfm"}